NodeId,CommunityId
0,8
1,8
2,5
3,8
4,8
5,8
6,0
7,8
8,8
9,8
10,8
11,8
12,8
13,8
14,5
15,8
16,8
17,5
18,8
19,5
20,5
21,8
22,8
23,8
24,17
25,8
26,8
27,8
28,5
29,8
30,8
31,8
32,5
33,8
34,47
35,1
36,7
37,8
38,8
39,8
40,8
41,5
42,8
43,8
44,5
45,8
46,1
47,8
48,8
49,8
50,8
51,8
52,8
53,17
54,8
55,8
56,8
57,17
58,58
59,8
60,8
61,8
62,8
63,8
64,8
65,8
66,8
67,8
68,1
69,8
70,8
71,8
72,8
73,8
74,8
75,8
76,8
77,8
78,8
79,8
80,17
81,8
82,8
83,8
84,8
85,8
86,1
87,8
88,8
89,0
90,8
91,8
92,17
93,5
94,17
95,0
96,8
97,8
98,8
99,1
100,8
101,17
102,1
103,8
104,8
105,8
106,8
107,54
108,7
109,8
110,8
111,5
112,5
113,8
114,8
115,5
116,5
117,8
118,8
119,8
120,8
121,8
122,8
123,8
124,8
125,8
126,8
127,7
128,8
129,8
130,8
131,1
132,8
133,8
134,8
135,7
136,27
137,5
138,5
139,7
140,5
141,8
142,8
143,1
144,5
145,8
146,8
147,0
148,8
149,5
150,8
151,5
152,8
153,8
154,0
155,8
156,8
157,8
158,8
159,7
160,8
161,8
162,5
163,8
164,8
165,8
166,8
167,5
168,8
169,8
170,8
171,58
172,8
173,47
174,5
175,1
176,8
177,1
178,8
179,8
180,17
181,8
182,8
183,8
184,7
185,8
186,8
187,17
188,8
189,8
190,8
191,8
192,8
193,8
194,17
195,8
196,17
197,7
198,3
199,8
200,8
201,8
202,8
203,8
204,17
205,8
206,8
207,8
208,8
209,8
210,8
211,8
212,8
213,8
214,5
215,8
216,5
217,8
218,8
219,0
220,5
221,8
222,8
223,8
224,8
225,1
226,5
227,1
228,8
229,8
230,8
231,8
232,8
233,8
234,8
235,8
236,8
237,8
238,8
239,8
240,8
241,8
242,17
243,5
244,8
245,8
246,8
247,8
248,8
249,17
250,8
251,7
252,8
253,8
254,17
255,8
256,8
257,8
258,8
259,8
260,8
261,8
262,5
263,1
264,8
265,8
266,17
267,8
268,8
269,8
270,8
271,8
272,8
273,8
274,8
275,8
276,8
277,8
278,1
279,5
280,8
281,7
282,8
283,8
284,7
285,8
286,8
287,8
288,8
289,5
290,8
291,8
292,8
293,5
294,8
295,8
296,1
297,8
298,8
299,17
300,17
301,8
302,17
303,8
304,8
305,5
306,8
307,8
308,8
309,7
310,5
311,8
312,5
313,8
314,8
315,8
316,8
317,8
318,8
319,0
320,7
321,1
322,8
323,8
324,8
325,8
326,5
327,0
328,8
329,8
330,17
331,8
332,8
333,5
334,8
335,8
336,8
337,5
338,8
339,8
340,8
341,8
342,8
343,5
344,8
345,8
346,17
347,8
348,47
349,47
350,47
351,3
352,47
353,47
354,47
355,47
356,47
357,52
358,47
359,47
360,47
361,47
362,47
363,47
364,3
365,47
366,47
367,47
368,47
369,52
370,47
371,47
372,47
373,47
374,47
375,47
376,47
377,47
378,47
379,47
380,52
381,52
382,47
383,47
384,47
385,47
386,47
387,47
388,47
389,44
390,47
391,47
392,47
393,3
394,47
395,47
396,47
397,47
398,47
399,3
400,47
401,47
402,47
403,47
404,47
405,47
406,47
407,47
408,47
409,47
410,47
411,47
412,47
413,47
414,47
415,47
416,47
417,47
418,47
419,47
420,47
421,47
422,47
423,47
424,52
425,47
426,47
427,47
428,47
429,47
430,47
431,47
432,47
433,47
434,47
435,52
436,47
437,47
438,47
439,47
440,47
441,3
442,47
443,47
444,47
445,47
446,47
447,47
448,47
449,47
450,47
451,47
452,47
453,47
454,3
455,47
456,47
457,52
458,47
459,52
460,47
461,47
462,47
463,47
464,47
465,47
466,47
467,47
468,47
469,52
470,47
471,47
472,47
473,47
474,47
475,47
476,3
477,52
478,47
479,47
480,47
481,47
482,47
483,47
484,47
485,47
486,52
487,47
488,47
489,47
490,47
491,47
492,47
493,47
494,47
495,47
496,47
497,47
498,47
499,47
500,47
501,3
502,47
503,47
504,47
505,52
506,47
507,47
508,47
509,52
510,47
511,47
512,47
513,47
514,47
515,47
516,52
517,47
518,52
519,47
520,47
521,47
522,47
523,47
524,47
525,47
526,47
527,47
528,47
529,47
530,47
531,47
532,47
533,47
534,47
535,47
536,47
537,47
538,47
539,47
540,47
541,47
542,47
543,47
544,47
545,47
546,47
547,47
548,47
549,47
550,47
551,52
552,47
553,47
554,52
555,47
556,47
557,47
558,47
559,47
560,47
561,47
562,47
563,47
564,3
565,47
566,47
567,47
568,47
569,47
570,47
571,47
572,47
573,45
574,45
575,45
576,47
577,47
578,47
579,45
580,56
581,47
582,47
583,47
584,45
585,47
586,47
587,47
588,45
589,45
590,45
591,47
592,45
593,47
594,47
595,47
596,48
597,45
598,45
599,47
600,47
601,47
602,47
603,45
604,47
605,45
606,56
607,47
608,47
609,45
610,47
611,45
612,45
613,47
614,47
615,47
616,45
617,45
618,45
619,45
620,45
621,45
622,45
623,45
624,47
625,45
626,45
627,47
628,47
629,56
630,45
631,45
632,47
633,45
634,47
635,47
636,45
637,56
638,47
639,45
640,47
641,56
642,47
643,47
644,45
645,47
646,47
647,47
648,45
649,47
650,47
651,47
652,47
653,45
654,45
655,45
656,47
657,45
658,47
659,47
660,45
661,47
662,47
663,45
664,45
665,47
666,45
667,47
668,47
669,47
670,47
671,47
672,45
673,47
674,47
675,47
676,47
677,45
678,45
679,45
680,45
681,47
682,45
683,47
684,45
685,45
686,40
687,40
688,40
689,40
690,40
691,40
692,40
693,40
694,40
695,40
696,40
697,40
698,40
699,40
700,40
701,40
702,40
703,40
704,40
705,40
706,40
707,40
708,40
709,40
710,40
711,40
712,40
713,40
714,40
715,40
716,40
717,40
718,40
719,40
720,40
721,40
722,40
723,40
724,40
725,40
726,40
727,40
728,40
729,40
730,40
731,40
732,40
733,40
734,40
735,40
736,40
737,40
738,40
739,40
740,40
741,40
742,40
743,40
744,40
745,40
746,40
747,40
748,40
749,40
750,40
751,40
752,40
753,40
754,40
755,40
756,40
757,40
758,40
759,40
760,40
761,40
762,40
763,40
764,40
765,40
766,40
767,40
768,40
769,40
770,40
771,40
772,40
773,40
774,40
775,40
776,40
777,40
778,40
779,40
780,40
781,40
782,40
783,40
784,40
785,40
786,40
787,40
788,40
789,40
790,40
791,40
792,40
793,40
794,40
795,40
796,40
797,40
798,40
799,40
800,40
801,40
802,40
803,40
804,40
805,40
806,40
807,40
808,40
809,40
810,40
811,40
812,40
813,40
814,40
815,40
816,40
817,40
818,40
819,40
820,40
821,40
822,40
823,40
824,40
825,40
826,40
827,40
828,40
829,40
830,40
831,40
832,40
833,40
834,40
835,40
836,40
837,40
838,40
839,40
840,40
841,40
842,40
843,40
844,40
845,40
846,40
847,40
848,40
849,40
850,40
851,40
852,40
853,40
854,40
855,40
856,40
857,36
858,41
859,40
860,40
861,40
862,36
863,40
864,40
865,36
866,41
867,40
868,36
869,40
870,41
871,41
872,40
873,40
874,40
875,40
876,40
877,40
878,40
879,41
880,40
881,41
882,40
883,40
884,40
885,40
886,40
887,40
888,40
889,40
890,40
891,40
892,40
893,40
894,41
895,41
896,48
897,54
898,48
899,54
900,25
901,28
902,48
903,28
904,54
905,56
906,54
907,54
908,25
909,51
910,29
911,54
912,29
913,44
914,44
915,56
916,54
917,48
918,54
919,48
920,54
921,54
922,54
923,54
924,44
925,54
926,54
927,54
928,25
929,54
930,56
931,10
932,54
933,48
934,54
935,44
936,56
937,44
938,28
939,10
940,44
941,48
942,48
943,44
944,44
945,48
946,54
947,54
948,56
949,44
950,25
951,54
952,54
953,54
954,48
955,51
956,30
957,48
958,28
959,54
960,54
961,54
962,56
963,28
964,44
965,44
966,54
967,54
968,44
969,48
970,25
971,48
972,54
973,54
974,44
975,48
976,56
977,44
978,54
979,30
980,54
981,48
982,54
983,54
984,48
985,44
986,44
987,34
988,48
989,48
990,39
991,54
992,28
993,54
994,44
995,54
996,54
997,54
998,54
999,54
1000,44
1001,56
1002,6
1003,54
1004,54
1005,44
1006,54
1007,48
1008,54
1009,48
1010,44
1011,44
1012,56
1013,44
1014,48
1015,48
1016,30
1017,54
1018,48
1019,48
1020,48
1021,48
1022,54
1023,25
1024,54
1025,56
1026,54
1027,38
1028,54
1029,54
1030,51
1031,54
1032,48
1033,25
1034,54
1035,44
1036,48
1037,44
1038,54
1039,54
1040,54
1041,44
1042,44
1043,51
1044,48
1045,51
1046,55
1047,54
1048,54
1049,54
1050,49
1051,44
1052,44
1053,30
1054,54
1055,49
1056,54
1057,30
1058,54
1059,54
1060,48
1061,25
1062,44
1063,54
1064,10
1065,44
1066,48
1067,48
1068,54
1069,54
1070,44
1071,59
1072,44
1073,25
1074,54
1075,54
1076,54
1077,54
1078,54
1079,54
1080,56
1081,48
1082,48
1083,54
1084,54
1085,36
1086,54
1087,54
1088,25
1089,44
1090,44
1091,54
1092,54
1093,44
1094,10
1095,56
1096,54
1097,28
1098,25
1099,48
1100,48
1101,54
1102,48
1103,48
1104,48
1105,6
1106,44
1107,54
1108,48
1109,44
1110,54
1111,51
1112,54
1113,56
1114,56
1115,48
1116,54
1117,54
1118,28
1119,54
1120,48
1121,44
1122,56
1123,54
1124,54
1125,54
1126,54
1127,44
1128,54
1129,48
1130,54
1131,44
1132,54
1133,54
1134,44
1135,54
1136,25
1137,28
1138,30
1139,44
1140,39
1141,44
1142,56
1143,48
1144,25
1145,54
1146,54
1147,44
1148,48
1149,54
1150,54
1151,54
1152,44
1153,54
1154,10
1155,56
1156,54
1157,54
1158,48
1159,44
1160,54
1161,54
1162,46
1163,54
1164,54
1165,54
1166,48
1167,44
1168,44
1169,44
1170,48
1171,54
1172,54
1173,54
1174,25
1175,54
1176,48
1177,30
1178,54
1179,56
1180,54
1181,54
1182,54
1183,44
1184,54
1185,54
1186,28
1187,25
1188,44
1189,44
1190,48
1191,54
1192,48
1193,54
1194,55
1195,54
1196,54
1197,51
1198,54
1199,54
1200,59
1201,54
1202,59
1203,25
1204,48
1205,54
1206,54
1207,54
1208,6
1209,54
1210,56
1211,54
1212,10
1213,44
1214,54
1215,48
1216,28
1217,44
1218,30
1219,54
1220,54
1221,48
1222,54
1223,56
1224,54
1225,44
1226,44
1227,48
1228,44
1229,48
1230,54
1231,48
1232,28
1233,48
1234,10
1235,48
1236,44
1237,56
1238,54
1239,54
1240,34
1241,48
1242,54
1243,54
1244,44
1245,48
1246,44
1247,44
1248,44
1249,44
1250,54
1251,25
1252,51
1253,59
1254,51
1255,54
1256,54
1257,48
1258,44
1259,44
1260,44
1261,48
1262,54
1263,56
1264,44
1265,54
1266,49
1267,54
1268,44
1269,54
1270,54
1271,54
1272,54
1273,48
1274,25
1275,44
1276,54
1277,48
1278,54
1279,48
1280,54
1281,48
1282,48
1283,54
1284,48
1285,54
1286,48
1287,54
1288,54
1289,54
1290,54
1291,54
1292,48
1293,54
1294,56
1295,10
1296,44
1297,54
1298,48
1299,44
1300,56
1301,54
1302,54
1303,48
1304,44
1305,54
1306,44
1307,25
1308,44
1309,48
1310,44
1311,44
1312,54
1313,56
1314,28
1315,48
1316,48
1317,54
1318,56
1319,28
1320,56
1321,54
1322,48
1323,54
1324,48
1325,25
1326,59
1327,54
1328,25
1329,54
1330,54
1331,54
1332,56
1333,28
1334,54
1335,54
1336,54
1337,54
1338,44
1339,54
1340,54
1341,54
1342,10
1343,44
1344,54
1345,48
1346,54
1347,48
1348,44
1349,56
1350,48
1351,54
1352,54
1353,34
1354,44
1355,44
1356,10
1357,56
1358,56
1359,54
1360,25
1361,54
1362,44
1363,28
1364,44
1365,54
1366,44
1367,54
1368,51
1369,54
1370,54
1371,28
1372,10
1373,48
1374,56
1375,54
1376,54
1377,54
1378,28
1379,48
1380,54
1381,48
1382,48
1383,54
1384,51
1385,44
1386,54
1387,54
1388,54
1389,54
1390,54
1391,54
1392,48
1393,54
1394,34
1395,54
1396,48
1397,56
1398,54
1399,54
1400,56
1401,54
1402,54
1403,30
1404,48
1405,54
1406,48
1407,54
1408,56
1409,54
1410,25
1411,54
1412,44
1413,48
1414,48
1415,44
1416,54
1417,48
1418,44
1419,54
1420,54
1421,25
1422,56
1423,48
1424,28
1425,56
1426,48
1427,56
1428,44
1429,48
1430,56
1431,54
1432,48
1433,25
1434,49
1435,44
1436,44
1437,54
1438,48
1439,54
1440,54
1441,49
1442,54
1443,10
1444,44
1445,25
1446,56
1447,54
1448,48
1449,54
1450,39
1451,48
1452,28
1453,10
1454,48
1455,56
1456,54
1457,54
1458,54
1459,48
1460,54
1461,54
1462,48
1463,54
1464,56
1465,27
1466,54
1467,54
1468,28
1469,44
1470,54
1471,54
1472,44
1473,44
1474,44
1475,48
1476,54
1477,54
1478,10
1479,48
1480,54
1481,44
1482,44
1483,54
1484,54
1485,54
1486,54
1487,56
1488,54
1489,48
1490,56
1491,54
1492,44
1493,28
1494,25
1495,48
1496,44
1497,10
1498,54
1499,30
1500,44
1501,54
1502,48
1503,48
1504,44
1505,39
1506,56
1507,44
1508,48
1509,54
1510,44
1511,25
1512,56
1513,54
1514,56
1515,48
1516,54
1517,54
1518,54
1519,54
1520,54
1521,54
1522,54
1523,54
1524,54
1525,44
1526,56
1527,54
1528,54
1529,44
1530,54
1531,44
1532,54
1533,28
1534,39
1535,54
1536,44
1537,54
1538,54
1539,54
1540,54
1541,44
1542,54
1543,56
1544,49
1545,56
1546,30
1547,54
1548,28
1549,56
1550,48
1551,54
1552,54
1553,25
1554,54
1555,25
1556,54
1557,54
1558,54
1559,54
1560,54
1561,54
1562,30
1563,54
1564,49
1565,56
1566,10
1567,25
1568,28
1569,44
1570,54
1571,54
1572,54
1573,48
1574,56
1575,44
1576,48
1577,27
1578,48
1579,25
1580,54
1581,54
1582,48
1583,48
1584,54
1585,49
1586,55
1587,48
1588,25
1589,54
1590,54
1591,48
1592,48
1593,25
1594,54
1595,48
1596,48
1597,54
1598,54
1599,46
1600,54
1601,28
1602,56
1603,54
1604,54
1605,54
1606,56
1607,30
1608,54
1609,54
1610,54
1611,48
1612,54
1613,54
1614,54
1615,25
1616,56
1617,54
1618,54
1619,54
1620,54
1621,54
1622,54
1623,54
1624,44
1625,56
1626,54
1627,38
1628,48
1629,28
1630,44
1631,56
1632,54
1633,44
1634,44
1635,48
1636,48
1637,54
1638,48
1639,54
1640,44
1641,54
1642,39
1643,54
1644,54
1645,56
1646,44
1647,48
1648,28
1649,48
1650,44
1651,54
1652,54
1653,54
1654,56
1655,48
1656,39
1657,29
1658,44
1659,54
1660,56
1661,48
1662,54
1663,54
1664,44
1665,54
1666,39
1667,44
1668,54
1669,54
1670,54
1671,56
1672,44
1673,56
1674,54
1675,54
1676,25
1677,56
1678,54
1679,56
1680,48
1681,44
1682,48
1683,54
1684,39
1685,54
1686,44
1687,25
1688,54
1689,54
1690,44
1691,48
1692,56
1693,32
1694,56
1695,56
1696,46
1697,54
1698,25
1699,44
1700,54
1701,54
1702,54
1703,44
1704,48
1705,25
1706,48
1707,54
1708,25
1709,44
1710,54
1711,54
1712,54
1713,44
1714,54
1715,48
1716,48
1717,54
1718,27
1719,25
1720,48
1721,54
1722,54
1723,54
1724,54
1725,44
1726,39
1727,44
1728,48
1729,48
1730,54
1731,46
1732,48
1733,28
1734,54
1735,54
1736,54
1737,54
1738,44
1739,44
1740,56
1741,54
1742,48
1743,10
1744,56
1745,44
1746,54
1747,28
1748,44
1749,44
1750,54
1751,48
1752,54
1753,54
1754,54
1755,48
1756,44
1757,54
1758,39
1759,44
1760,32
1761,54
1762,56
1763,56
1764,48
1765,54
1766,56
1767,56
1768,54
1769,54
1770,44
1771,54
1772,54
1773,56
1774,54
1775,54
1776,29
1777,47
1778,56
1779,49
1780,54
1781,44
1782,54
1783,48
1784,28
1785,44
1786,48
1787,28
1788,51
1789,54
1790,56
1791,54
1792,54
1793,54
1794,48
1795,54
1796,54
1797,54
1798,28
1799,54
1800,54
1801,56
1802,28
1803,25
1804,54
1805,54
1806,25
1807,44
1808,29
1809,54
1810,54
1811,54
1812,48
1813,54
1814,46
1815,44
1816,54
1817,54
1818,44
1819,54
1820,48
1821,54
1822,49
1823,54
1824,48
1825,25
1826,54
1827,54
1828,48
1829,10
1830,44
1831,10
1832,54
1833,54
1834,54
1835,54
1836,54
1837,28
1838,54
1839,54
1840,44
1841,48
1842,54
1843,54
1844,56
1845,54
1846,54
1847,44
1848,48
1849,54
1850,48
1851,54
1852,54
1853,56
1854,54
1855,44
1856,54
1857,48
1858,54
1859,48
1860,54
1861,54
1862,48
1863,54
1864,54
1865,54
1866,25
1867,54
1868,54
1869,44
1870,56
1871,48
1872,48
1873,48
1874,54
1875,48
1876,44
1877,54
1878,56
1879,54
1880,28
1881,56
1882,56
1883,54
1884,48
1885,44
1886,54
1887,48
1888,54
1889,30
1890,38
1891,54
1892,28
1893,48
1894,48
1895,28
1896,30
1897,44
1898,54
1899,48
1900,54
1901,10
1902,54
1903,48
1904,44
1905,49
1906,44
1907,48
1908,25
1909,54
1910,10
1911,54
1912,27
1913,27
1914,35
1915,16
1916,27
1917,20
1918,20
1919,35
1920,27
1921,35
1922,16
1923,27
1924,15
1925,20
1926,27
1927,35
1928,35
1929,20
1930,16
1931,35
1932,27
1933,16
1934,16
1935,35
1936,16
1937,16
1938,20
1939,27
1940,27
1941,27
1942,20
1943,20
1944,27
1945,27
1946,20
1947,27
1948,27
1949,16
1950,35
1951,35
1952,27
1953,20
1954,27
1955,27
1956,2
1957,35
1958,35
1959,27
1960,16
1961,2
1962,20
1963,20
1964,27
1965,16
1966,20
1967,47
1968,35
1969,27
1970,27
1971,20
1972,35
1973,35
1974,27
1975,16
1976,35
1977,27
1978,16
1979,20
1980,35
1981,27
1982,27
1983,20
1984,20
1985,20
1986,20
1987,27
1988,15
1989,20
1990,16
1991,35
1992,15
1993,20
1994,27
1995,35
1996,27
1997,20
1998,35
1999,35
2000,35
2001,35
2002,27
2003,27
2004,35
2005,20
2006,35
2007,27
2008,16
2009,35
2010,27
2011,35
2012,35
2013,35
2014,35
2015,16
2016,35
2017,27
2018,35
2019,20
2020,20
2021,20
2022,35
2023,16
2024,35
2025,35
2026,27
2027,35
2028,27
2029,27
2030,20
2031,27
2032,27
2033,20
2034,9
2035,16
2036,27
2037,20
2038,27
2039,27
2040,20
2041,16
2042,27
2043,20
2044,20
2045,20
2046,20
2047,27
2048,27
2049,16
2050,35
2051,53
2052,27
2053,27
2054,27
2055,20
2056,20
2057,27
2058,20
2059,20
2060,20
2061,35
2062,27
2063,20
2064,20
2065,27
2066,27
2067,20
2068,27
2069,20
2070,16
2071,27
2072,27
2073,20
2074,20
2075,27
2076,15
2077,20
2078,20
2079,27
2080,16
2081,27
2082,16
2083,20
2084,20
2085,27
2086,20
2087,27
2088,20
2089,16
2090,20
2091,16
2092,20
2093,20
2094,2
2095,20
2096,27
2097,35
2098,20
2099,27
2100,53
2101,27
2102,27
2103,20
2104,20
2105,16
2106,9
2107,16
2108,20
2109,20
2110,27
2111,27
2112,20
2113,53
2114,16
2115,20
2116,35
2117,27
2118,20
2119,16
2120,16
2121,20
2122,20
2123,20
2124,20
2125,27
2126,16
2127,27
2128,27
2129,16
2130,16
2131,20
2132,27
2133,27
2134,27
2135,27
2136,20
2137,27
2138,27
2139,20
2140,20
2141,27
2142,20
2143,27
2144,27
2145,27
2146,16
2147,20
2148,27
2149,27
2150,20
2151,27
2152,16
2153,27
2154,20
2155,27
2156,16
2157,35
2158,16
2159,35
2160,16
2161,27
2162,16
2163,27
2164,20
2165,20
2166,16
2167,2
2168,9
2169,27
2170,15
2171,35
2172,20
2173,16
2174,27
2175,27
2176,27
2177,27
2178,27
2179,20
2180,27
2181,16
2182,27
2183,27
2184,20
2185,27
2186,27
2187,27
2188,20
2189,27
2190,20
2191,27
2192,35
2193,16
2194,27
2195,27
2196,27
2197,16
2198,27
2199,27
2200,20
2201,20
2202,35
2203,27
2204,9
2205,27
2206,20
2207,15
2208,27
2209,27
2210,20
2211,27
2212,20
2213,20
2214,27
2215,27
2216,20
2217,53
2218,20
2219,27
2220,20
2221,27
2222,27
2223,27
2224,27
2225,35
2226,27
2227,16
2228,16
2229,20
2230,27
2231,16
2232,27
2233,20
2234,20
2235,27
2236,16
2237,20
2238,16
2239,27
2240,20
2241,27
2242,27
2243,27
2244,20
2245,2
2246,27
2247,27
2248,16
2249,27
2250,27
2251,16
2252,27
2253,20
2254,27
2255,15
2256,27
2257,20
2258,20
2259,27
2260,16
2261,20
2262,20
2263,53
2264,27
2265,27
2266,20
2267,27
2268,27
2269,27
2270,27
2271,20
2272,27
2273,27
2274,27
2275,20
2276,20
2277,16
2278,20
2279,27
2280,27
2281,2
2282,27
2283,27
2284,35
2285,27
2286,16
2287,20
2288,20
2289,27
2290,20
2291,27
2292,27
2293,27
2294,27
2295,27
2296,27
2297,35
2298,27
2299,20
2300,20
2301,2
2302,27
2303,20
2304,27
2305,27
2306,20
2307,20
2308,20
2309,20
2310,27
2311,20
2312,27
2313,16
2314,16
2315,27
2316,16
2317,16
2318,27
2319,27
2320,15
2321,27
2322,27
2323,20
2324,20
2325,27
2326,20
2327,27
2328,27
2329,20
2330,27
2331,20
2332,27
2333,27
2334,20
2335,16
2336,27
2337,35
2338,27
2339,20
2340,20
2341,16
2342,16
2343,27
2344,27
2345,27
2346,35
2347,20
2348,20
2349,15
2350,20
2351,27
2352,20
2353,20
2354,20
2355,27
2356,20
2357,16
2358,27
2359,20
2360,16
2361,16
2362,27
2363,20
2364,35
2365,35
2366,27
2367,27
2368,27
2369,20
2370,20
2371,16
2372,27
2373,16
2374,20
2375,53
2376,20
2377,27
2378,35
2379,27
2380,16
2381,20
2382,16
2383,20
2384,27
2385,27
2386,20
2387,20
2388,16
2389,27
2390,27
2391,20
2392,20
2393,20
2394,27
2395,20
2396,27
2397,16
2398,27
2399,27
2400,27
2401,15
2402,16
2403,16
2404,20
2405,16
2406,27
2407,20
2408,20
2409,20
2410,20
2411,16
2412,16
2413,27
2414,20
2415,27
2416,27
2417,27
2418,20
2419,27
2420,27
2421,9
2422,53
2423,20
2424,16
2425,27
2426,15
2427,20
2428,20
2429,20
2430,20
2431,53
2432,27
2433,20
2434,27
2435,35
2436,27
2437,9
2438,27
2439,53
2440,16
2441,53
2442,20
2443,20
2444,15
2445,27
2446,20
2447,35
2448,16
2449,20
2450,53
2451,27
2452,27
2453,27
2454,20
2455,16
2456,16
2457,27
2458,27
2459,35
2460,20
2461,27
2462,20
2463,27
2464,20
2465,27
2466,15
2467,20
2468,20
2469,20
2470,27
2471,27
2472,27
2473,27
2474,16
2475,27
2476,20
2477,20
2478,20
2479,27
2480,27
2481,2
2482,20
2483,26
2484,20
2485,20
2486,15
2487,2
2488,16
2489,20
2490,15
2491,27
2492,20
2493,27
2494,35
2495,20
2496,27
2497,16
2498,27
2499,20
2500,20
2501,27
2502,27
2503,16
2504,20
2505,27
2506,20
2507,20
2508,27
2509,27
2510,27
2511,27
2512,27
2513,15
2514,27
2515,15
2516,27
2517,27
2518,27
2519,27
2520,20
2521,20
2522,27
2523,16
2524,20
2525,27
2526,20
2527,26
2528,53
2529,27
2530,27
2531,27
2532,20
2533,27
2534,16
2535,2
2536,20
2537,27
2538,35
2539,20
2540,16
2541,16
2542,20
2543,20
2544,27
2545,20
2546,20
2547,27
2548,53
2549,20
2550,20
2551,20
2552,20
2553,20
2554,20
2555,27
2556,20
2557,27
2558,53
2559,20
2560,20
2561,20
2562,16
2563,20
2564,20
2565,27
2566,27
2567,27
2568,27
2569,27
2570,16
2571,27
2572,27
2573,20
2574,20
2575,20
2576,20
2577,16
2578,20
2579,20
2580,16
2581,27
2582,27
2583,35
2584,20
2585,35
2586,20
2587,16
2588,27
2589,27
2590,20
2591,20
2592,27
2593,20
2594,27
2595,26
2596,27
2597,27
2598,27
2599,27
2600,20
2601,20
2602,20
2603,27
2604,20
2605,27
2606,20
2607,20
2608,27
2609,27
2610,27
2611,20
2612,27
2613,20
2614,16
2615,20
2616,27
2617,27
2618,16
2619,20
2620,35
2621,53
2622,15
2623,20
2624,20
2625,20
2626,35
2627,35
2628,16
2629,27
2630,20
2631,20
2632,53
2633,35
2634,16
2635,27
2636,35
2637,27
2638,20
2639,35
2640,35
2641,27
2642,27
2643,27
2644,16
2645,35
2646,20
2647,35
2648,35
2649,27
2650,15
2651,27
2652,27
2653,27
2654,20
2655,20
2656,16
2657,35
2658,35
2659,35
2660,35
2661,39
2662,39
2663,42
2664,42
2665,39
2666,42
2667,39
2668,39
2669,42
2670,23
2671,39
2672,39
2673,42
2674,39
2675,39
2676,42
2677,39
2678,39
2679,42
2680,42
2681,42
2682,39
2683,42
2684,39
2685,39
2686,39
2687,39
2688,39
2689,42
2690,39
2691,39
2692,39
2693,39
2694,42
2695,42
2696,39
2697,39
2698,42
2699,23
2700,39
2701,39
2702,39
2703,23
2704,58
2705,42
2706,42
2707,39
2708,39
2709,39
2710,42
2711,39
2712,39
2713,39
2714,39
2715,39
2716,39
2717,42
2718,39
2719,39
2720,39
2721,39
2722,39
2723,39
2724,39
2725,39
2726,42
2727,39
2728,39
2729,42
2730,39
2731,42
2732,4
2733,39
2734,39
2735,39
2736,39
2737,39
2738,42
2739,39
2740,58
2741,42
2742,39
2743,42
2744,39
2745,42
2746,42
2747,39
2748,39
2749,42
2750,42
2751,39
2752,39
2753,39
2754,42
2755,42
2756,42
2757,42
2758,39
2759,42
2760,39
2761,42
2762,39
2763,42
2764,39
2765,39
2766,42
2767,23
2768,39
2769,42
2770,39
2771,39
2772,39
2773,42
2774,39
2775,39
2776,18
2777,42
2778,39
2779,39
2780,39
2781,39
2782,42
2783,39
2784,39
2785,39
2786,42
2787,39
2788,18
2789,42
2790,39
2791,39
2792,39
2793,39
2794,42
2795,39
2796,39
2797,39
2798,42
2799,18
2800,42
2801,39
2802,39
2803,39
2804,39
2805,43
2806,42
2807,42
2808,39
2809,42
2810,42
2811,39
2812,39
2813,39
2814,58
2815,42
2816,39
2817,39
2818,39
2819,39
2820,39
2821,42
2822,39
2823,39
2824,39
2825,39
2826,39
2827,42
2828,39
2829,39
2830,39
2831,39
2832,39
2833,39
2834,23
2835,42
2836,39
2837,42
2838,58
2839,42
2840,39
2841,39
2842,39
2843,39
2844,39
2845,39
2846,39
2847,39
2848,39
2849,39
2850,42
2851,42
2852,42
2853,39
2854,42
2855,39
2856,39
2857,18
2858,39
2859,39
2860,39
2861,18
2862,42
2863,39
2864,42
2865,39
2866,42
2867,42
2868,39
2869,39
2870,39
2871,39
2872,42
2873,42
2874,42
2875,39
2876,39
2877,42
2878,39
2879,23
2880,42
2881,39
2882,39
2883,39
2884,42
2885,58
2886,19
2887,42
2888,42
2889,23
2890,42
2891,42
2892,39
2893,39
2894,39
2895,39
2896,42
2897,42
2898,39
2899,42
2900,39
2901,39
2902,4
2903,39
2904,39
2905,42
2906,42
2907,42
2908,42
2909,42
2910,42
2911,42
2912,42
2913,42
2914,39
2915,42
2916,42
2917,42
2918,39
2919,42
2920,42
2921,39
2922,43
2923,39
2924,42
2925,42
2926,39
2927,42
2928,42
2929,42
2930,4
2931,42
2932,39
2933,43
2934,39
2935,43
2936,39
2937,39
2938,39
2939,39
2940,42
2941,39
2942,39
2943,42
2944,42
2945,42
2946,42
2947,39
2948,42
2949,43
2950,39
2951,39
2952,42
2953,42
2954,39
2955,39
2956,42
2957,39
2958,39
2959,23
2960,42
2961,42
2962,39
2963,42
2964,39
2965,39
2966,42
2967,42
2968,39
2969,42
2970,39
2971,39
2972,23
2973,39
2974,42
2975,39
2976,39
2977,42
2978,42
2979,39
2980,39
2981,42
2982,23
2983,43
2984,39
2985,42
2986,42
2987,42
2988,42
2989,39
2990,39
2991,39
2992,39
2993,42
2994,42
2995,39
2996,39
2997,43
2998,39
2999,39
3000,42
3001,39
3002,39
3003,58
3004,42
3005,39
3006,39
3007,39
3008,23
3009,39
3010,42
3011,39
3012,43
3013,39
3014,42
3015,39
3016,39
3017,39
3018,39
3019,39
3020,39
3021,39
3022,42
3023,42
3024,39
3025,42
3026,42
3027,39
3028,43
3029,42
3030,42
3031,39
3032,39
3033,42
3034,39
3035,39
3036,42
3037,39
3038,39
3039,39
3040,42
3041,39
3042,42
3043,39
3044,42
3045,42
3046,39
3047,42
3048,39
3049,39
3050,39
3051,39
3052,42
3053,18
3054,42
3055,39
3056,42
3057,39
3058,39
3059,42
3060,39
3061,39
3062,39
3063,43
3064,42
3065,42
3066,19
3067,39
3068,39
3069,39
3070,39
3071,39
3072,39
3073,42
3074,39
3075,39
3076,39
3077,39
3078,42
3079,39
3080,42
3081,39
3082,39
3083,19
3084,42
3085,42
3086,39
3087,39
3088,39
3089,39
3090,42
3091,39
3092,42
3093,39
3094,39
3095,42
3096,42
3097,39
3098,42
3099,39
3100,39
3101,39
3102,39
3103,39
3104,42
3105,18
3106,39
3107,39
3108,42
3109,39
3110,39
3111,39
3112,39
3113,39
3114,42
3115,39
3116,39
3117,42
3118,39
3119,42
3120,39
3121,39
3122,18
3123,42
3124,39
3125,39
3126,19
3127,39
3128,19
3129,42
3130,42
3131,4
3132,39
3133,39
3134,39
3135,42
3136,39
3137,42
3138,39
3139,42
3140,39
3141,18
3142,42
3143,42
3144,39
3145,39
3146,39
3147,39
3148,39
3149,42
3150,39
3151,39
3152,39
3153,42
3154,39
3155,43
3156,39
3157,39
3158,42
3159,39
3160,39
3161,39
3162,39
3163,42
3164,39
3165,39
3166,42
3167,39
3168,39
3169,39
3170,39
3171,39
3172,39
3173,39
3174,42
3175,39
3176,39
3177,39
3178,39
3179,39
3180,4
3181,4
3182,39
3183,39
3184,42
3185,39
3186,39
3187,39
3188,39
3189,39
3190,39
3191,39
3192,39
3193,42
3194,39
3195,42
3196,39
3197,39
3198,39
3199,39
3200,18
3201,39
3202,42
3203,39
3204,39
3205,39
3206,39
3207,39
3208,39
3209,39
3210,39
3211,39
3212,39
3213,42
3214,39
3215,39
3216,18
3217,39
3218,18
3219,39
3220,42
3221,39
3222,39
3223,39
3224,39
3225,39
3226,42
3227,42
3228,42
3229,42
3230,39
3231,42
3232,42
3233,39
3234,42
3235,39
3236,39
3237,42
3238,42
3239,39
3240,39
3241,39
3242,39
3243,42
3244,39
3245,39
3246,39
3247,39
3248,39
3249,39
3250,42
3251,4
3252,39
3253,39
3254,39
3255,39
3256,39
3257,42
3258,39
3259,39
3260,39
3261,39
3262,39
3263,39
3264,39
3265,39
3266,39
3267,39
3268,39
3269,42
3270,39
3271,18
3272,39
3273,39
3274,39
3275,39
3276,39
3277,39
3278,39
3279,39
3280,39
3281,39
3282,39
3283,23
3284,42
3285,39
3286,42
3287,39
3288,39
3289,39
3290,58
3291,39
3292,39
3293,42
3294,42
3295,39
3296,39
3297,39
3298,39
3299,39
3300,42
3301,42
3302,39
3303,42
3304,42
3305,39
3306,39
3307,39
3308,39
3309,23
3310,39
3311,23
3312,39
3313,39
3314,23
3315,42
3316,39
3317,42
3318,23
3319,39
3320,39
3321,39
3322,19
3323,39
3324,42
3325,23
3326,39
3327,39
3328,39
3329,39
3330,39
3331,39
3332,39
3333,42
3334,39
3335,39
3336,19
3337,39
3338,39
3339,42
3340,39
3341,39
3342,39
3343,39
3344,39
3345,39
3346,39
3347,39
3348,42
3349,39
3350,39
3351,39
3352,39
3353,39
3354,18
3355,39
3356,39
3357,39
3358,39
3359,39
3360,39
3361,39
3362,42
3363,42
3364,42
3365,39
3366,39
3367,39
3368,43
3369,39
3370,39
3371,39
3372,4
3373,39
3374,39
3375,39
3376,39
3377,39
3378,39
3379,39
3380,39
3381,39
3382,23
3383,39
3384,42
3385,39
3386,39
3387,42
3388,42
3389,39
3390,42
3391,39
3392,42
3393,39
3394,42
3395,39
3396,39
3397,39
3398,39
3399,42
3400,42
3401,39
3402,39
3403,39
3404,39
3405,39
3406,39
3407,39
3408,39
3409,39
3410,39
3411,39
3412,39
3413,42
3414,42
3415,39
3416,39
3417,42
3418,39
3419,39
3420,39
3421,39
3422,39
3423,23
3424,39
3425,39
3426,42
3427,39
3428,42
3429,39
3430,42
3431,39
3432,39
3433,42
3434,39
3435,42
3436,42
3437,36
3438,36
3439,61
3440,36
3441,62
3442,31
3443,13
3444,33
3445,50
3446,62
3447,62
3448,36
3449,36
3450,14
3451,36
3452,14
3453,36
3454,36
3455,31
3456,36
3457,36
3458,57
3459,57
3460,13
3461,36
3462,14
3463,57
3464,13
3465,11
3466,13
3467,36
3468,57
3469,13
3470,31
3471,14
3472,31
3473,50
3474,13
3475,14
3476,11
3477,36
3478,60
3479,12
3480,36
3481,12
3482,31
3483,57
3484,36
3485,14
3486,57
3487,37
3488,14
3489,21
3490,62
3491,36
3492,36
3493,57
3494,57
3495,36
3496,36
3497,14
3498,31
3499,57
3500,60
3501,36
3502,22
3503,14
3504,37
3505,31
3506,57
3507,57
3508,31
3509,57
3510,13
3511,57
3512,36
3513,61
3514,14
3515,57
3516,12
3517,36
3518,14
3519,11
3520,36
3521,31
3522,36
3523,12
3524,57
3525,36
3526,31
3527,14
3528,14
3529,13
3530,37
3531,62
3532,57
3533,36
3534,57
3535,57
3536,62
3537,60
3538,50
3539,57
3540,36
3541,50
3542,14
3543,14
3544,36
3545,14
3546,62
3547,36
3548,36
3549,62
3550,36
3551,37
3552,36
3553,31
3554,13
3555,57
3556,36
3557,14
3558,57
3559,14
3560,36
3561,13
3562,12
3563,36
3564,57
3565,36
3566,37
3567,50
3568,57
3569,57
3570,36
3571,11
3572,57
3573,14
3574,14
3575,36
3576,14
3577,36
3578,14
3579,11
3580,62
3581,12
3582,13
3583,57
3584,57
3585,62
3586,36
3587,60
3588,31
3589,36
3590,31
3591,57
3592,36
3593,57
3594,12
3595,50
3596,14
3597,31
3598,31
3599,31
3600,57
3601,57
3602,13
3603,14
3604,14
3605,14
3606,62
3607,31
3608,31
3609,36
3610,36
3611,14
3612,57
3613,12
3614,57
3615,31
3616,61
3617,57
3618,36
3619,36
3620,57
3621,36
3622,57
3623,57
3624,62
3625,36
3626,36
3627,14
3628,50
3629,31
3630,13
3631,57
3632,24
3633,36
3634,13
3635,14
3636,31
3637,36
3638,61
3639,12
3640,14
3641,60
3642,14
3643,57
3644,31
3645,57
3646,57
3647,61
3648,57
3649,12
3650,36
3651,36
3652,21
3653,24
3654,36
3655,60
3656,36
3657,50
3658,14
3659,36
3660,36
3661,36
3662,62
3663,31
3664,60
3665,21
3666,31
3667,36
3668,13
3669,22
3670,14
3671,57
3672,14
3673,36
3674,36
3675,11
3676,21
3677,36
3678,57
3679,62
3680,57
3681,14
3682,62
3683,36
3684,36
3685,31
3686,14
3687,14
3688,36
3689,36
3690,57
3691,36
3692,36
3693,36
3694,31
3695,12
3696,60
3697,36
3698,31
3699,61
3700,22
3701,11
3702,14
3703,36
3704,14
3705,31
3706,57
3707,14
3708,11
3709,36
3710,31
3711,57
3712,36
3713,31
3714,57
3715,31
3716,61
3717,36
3718,57
3719,57
3720,24
3721,36
3722,31
3723,37
3724,57
3725,50
3726,13
3727,62
3728,31
3729,36
3730,14
3731,14
3732,36
3733,33
3734,36
3735,31
3736,36
3737,14
3738,13
3739,50
3740,31
3741,36
3742,33
3743,50
3744,36
3745,62
3746,36
3747,60
3748,36
3749,24
3750,36
3751,24
3752,13
3753,31
3754,57
3755,36
3756,36
3757,11
3758,57
3759,11
3760,36
3761,13
3762,14
3763,57
3764,57
3765,36
3766,60
3767,57
3768,57
3769,31
3770,57
3771,62
3772,36
3773,31
3774,11
3775,36
3776,60
3777,57
3778,31
3779,36
3780,36
3781,57
3782,57
3783,60
3784,57
3785,14
3786,57
3787,24
3788,36
3789,24
3790,14
3791,60
3792,57
3793,57
3794,57
3795,36
3796,36
3797,36
3798,36
3799,61
3800,14
3801,36
3802,31
3803,57
3804,14
3805,36
3806,62
3807,24
3808,36
3809,60
3810,57
3811,62
3812,62
3813,22
3814,62
3815,31
3816,31
3817,36
3818,57
3819,50
3820,36
3821,57
3822,57
3823,57
3824,14
3825,57
3826,57
3827,31
3828,14
3829,13
3830,36
3831,36
3832,14
3833,57
3834,57
3835,31
3836,11
3837,11
3838,14
3839,36
3840,31
3841,36
3842,36
3843,57
3844,61
3845,14
3846,36
3847,36
3848,61
3849,33
3850,31
3851,36
3852,14
3853,36
3854,11
3855,57
3856,36
3857,50
3858,14
3859,13
3860,14
3861,33
3862,31
3863,62
3864,22
3865,31
3866,57
3867,31
3868,50
3869,57
3870,57
3871,50
3872,36
3873,36
3874,50
3875,60
3876,31
3877,36
3878,57
3879,11
3880,36
3881,57
3882,57
3883,12
3884,14
3885,36
3886,36
3887,60
3888,36
3889,36
3890,57
3891,14
3892,50
3893,57
3894,62
3895,57
3896,57
3897,36
3898,12
3899,11
3900,57
3901,60
3902,14
3903,57
3904,33
3905,62
3906,57
3907,31
3908,36
3909,57
3910,11
3911,22
3912,50
3913,14
3914,57
3915,13
3916,36
3917,50
3918,11
3919,12
3920,60
3921,31
3922,62
3923,24
3924,57
3925,37
3926,14
3927,57
3928,36
3929,36
3930,14
3931,57
3932,61
3933,60
3934,14
3935,36
3936,31
3937,13
3938,36
3939,62
3940,14
3941,57
3942,13
3943,36
3944,36
3945,13
3946,57
3947,57
3948,36
3949,62
3950,36
3951,57
3952,61
3953,36
3954,33
3955,57
3956,13
3957,11
3958,57
3959,14
3960,60
3961,37
3962,36
3963,62
3964,60
3965,11
3966,14
3967,60
3968,36
3969,57
3970,36
3971,36
3972,13
3973,57
3974,36
3975,11
3976,57
3977,31
3978,36
3979,36
3980,47
3981,47
3982,47
3983,47
3984,47
3985,47
3986,47
3987,47
3988,47
3989,47
3990,47
3991,47
3992,47
3993,47
3994,47
3995,47
3996,47
3997,47
3998,47
3999,47
4000,47
4001,47
4002,47
4003,47
4004,47
4005,47
4006,47
4007,47
4008,47
4009,47
4010,47
4011,47
4012,47
4013,47
4014,47
4015,47
4016,47
4017,47
4018,47
4019,47
4020,47
4021,47
4022,47
4023,47
4024,47
4025,47
4026,47
4027,47
4028,47
4029,47
4030,47
4031,47
4032,47
4033,47
4034,47
4035,47
4036,47
4037,47
4038,47
